name,url,price,unit,stock_status,image_url,category
Marblo chipolata met erwtjes en wortelen 500g,https://www.qsta.nl/en_US/p/marblo-chipolata-met-erwtjes-en-wortelen-500g/20660/,"€ 7,55 /Unit excl. BTW",/Unit,161 stocks available,https://www.qsta.nl/static/uploads/pictures/large/X0021033.jpg,Fresh
Marblo orloffgebraad met gebakken champignons 500g,https://www.qsta.nl/en_US/p/marblo-orloffgebraad-met-gebakken-champignons-500g/20661/,"€ 7,85 /Unit excl. BTW",/Unit,12 stocks available,https://www.qsta.nl/static/uploads/pictures/large/X0021030.jpg,Fresh
Marblo wok van kip met mekongrijst 500g,https://www.qsta.nl/en_US/p/marblo-wok-van-kip-met-mekongrijst-500g/20666/,"€ 7,10 /Unit excl. BTW",/Unit,142 stocks available,https://www.qsta.nl/static/uploads/pictures/large/X0021020.jpg,Fresh
Marblo cordon bleu met Italiaanse broccolimix 500g,https://www.qsta.nl/en_US/p/marblo-cordon-bleu-met-italiaanse-broccolimix-500g/20672/,"€ 7,55 /Unit excl. BTW",/Unit,131 stocks available,https://www.qsta.nl/static/uploads/pictures/large/X0021031.jpg,Fresh
Marblo Luikse balletjes met puree 500g,https://www.qsta.nl/en_US/p/marblo-luikse-balletjes-met-puree-500g/20673/,"€ 6,00 /Unit excl. BTW",/Unit,83 stocks available,https://www.qsta.nl/static/uploads/pictures/large/X0020959.jpg,Fresh
Marblo rundsburger gebakken aardappel 500g,https://www.qsta.nl/en_US/p/marblo-rundsburger-gebakken-aardappel-500g/20679/,"€ 7,85 /Unit excl. BTW",/Unit,201 stocks available,https://www.qsta.nl/static/uploads/pictures/large/X0021035.jpg,Fresh
Marblo scampi curry met basmatirijst 500g,https://www.qsta.nl/en_US/p/marblo-scampi-curry-met-basmatirijst-500g/20682/,"€ 7,35 /Unit excl. BTW",/Unit,410 stocks available,https://www.qsta.nl/static/uploads/pictures/large/X0021038.jpg,Fresh
Marblo kippenbroodje erwten wortels 500g,https://www.qsta.nl/en_US/p/marblo-kippenbroodje-erwten-wortels-500g/20684/,"€ 7,50 /Unit excl. BTW",/Unit,202 stocks available,https://www.qsta.nl/static/uploads/pictures/large/X0021024.jpg,Fresh
Marblo tongrolletjes witte wijnsaus met dille 500g,https://www.qsta.nl/en_US/p/marblo-tongrolletjes-witte-wijnsaus-met-dille-500g/20692/,"€ 8,45 /Unit excl. BTW",/Unit,73 stocks available,https://www.qsta.nl/static/themes/qsta/img/default_product.png,Fresh
Marblo scampi diabolique met fettucini 500g,https://www.qsta.nl/en_US/p/marblo-scampi-diabolique-met-fettucini-500g/20702/,"€ 9,75 /Unit excl. BTW",/Unit,93 stocks available,https://www.qsta.nl/static/themes/qsta/img/default_product.png,Fresh
Marblo varkenshaasje in jagerssaus 500g,https://www.qsta.nl/en_US/p/marblo-varkenshaasje-in-jagerssaus-500g/20720/,"€ 7,00 /Unit excl. BTW",/Unit,277 stocks available,https://www.qsta.nl/static/themes/qsta/img/default_product.png,Fresh
Marblo hoevekipfilet met groentjes en kriel 500g,https://www.qsta.nl/en_US/p/marblo-hoevekipfilet-met-groentjes-en-kriel-500g/20721/,"€ 7,85 /Unit excl. BTW",/Unit,270 stocks available,https://www.qsta.nl/static/themes/qsta/img/default_product.png,Fresh
Marblo gehaktballetjes op grootmoeders wijze 500g,https://www.qsta.nl/en_US/p/marblo-gehaktballetjes-op-grootmoeders-wijze-500g/20726/,"€ 6,50 /Unit excl. BTW",/Unit,93 stocks available,https://www.qsta.nl/static/themes/qsta/img/default_product.png,Fresh
Marblo varkenshaasje met pepersaus 500g,https://www.qsta.nl/en_US/p/marblo-varkenshaasje-met-pepersaus-500g/20735/,"€ 8,15 /Unit excl. BTW",/Unit,44 stocks available,https://www.qsta.nl/static/themes/qsta/img/default_product.png,Fresh
Marblo rundstong met gehaktballetjes en puree 500g,https://www.qsta.nl/en_US/p/marblo-rundstong-met-gehaktballetjes-en-puree-500g/20737/,"€ 7,85 /Unit excl. BTW",/Unit,Available soon *,https://www.qsta.nl/static/themes/qsta/img/default_product.png,Fresh
Marblo Oostends visserspotje 500g,https://www.qsta.nl/en_US/p/marblo-oostends-visserspotje-500g/20739/,"€ 9,25 /Unit excl. BTW",/Unit,102 stocks available,https://www.qsta.nl/static/themes/qsta/img/default_product.png,Fresh
Marblo zalmfilet groentenmix choronsaus spinaziepuree 500g,https://www.qsta.nl/en_US/p/marblo-zalmfilet-groentenmix-choronsaus-spinaziepuree-500g/20740/,"€ 10,55 /Unit excl. BTW",/Unit,52 stocks available,https://www.qsta.nl/static/themes/qsta/img/default_product.png,Fresh
Marblo tortelloni ricotta en spinazie 500g,https://www.qsta.nl/en_US/p/marblo-tortelloni-ricotta-en-spinazie-500g/20747/,"€ 7,10 /Unit excl. BTW",/Unit,183 stocks available,https://www.qsta.nl/static/themes/qsta/img/default_product.png,Fresh
Kjure scampi's met rode curry 500g,https://www.qsta.nl/en_US/p/kjure-scampi-s-met-rode-curry-500g/4140/,"€ 9,17 /Unit excl. BTW",/Unit,Available soon *,https://www.qsta.nl/static/themes/qsta/img/default_product.png,Fresh
Kjure bulgur met berloumi en zuiderse groenten 500g,https://www.qsta.nl/en_US/p/kjure-bulgur-met-berloumi-en-zuiderse-groenten-500g/4141/,"€ 7,33 /Unit excl. BTW",/Unit,Available soon *,https://www.qsta.nl/static/themes/qsta/img/default_product.png,Fresh
Kjure cheeseburger met groentefrietjes 520g,https://www.qsta.nl/en_US/p/kjure-cheeseburger-met-groentefrietjes-520g/4142/,"€ 9,17 /Unit excl. BTW",/Unit,Available soon *,https://www.qsta.nl/static/themes/qsta/img/default_product.png,Fresh
Kjure tom kha kai met kip 520g,https://www.qsta.nl/en_US/p/kjure-tom-kha-kai-met-kip-520g/4143/,"€ 8,80 /Unit excl. BTW",/Unit,Available soon *,https://www.qsta.nl/static/themes/qsta/img/default_product.png,Fresh
Kjure kabeljauw met parelcouscous en venkel 520g,https://www.qsta.nl/en_US/p/kjure-kabeljauw-met-parelcouscous-en-venkel-520g/4144/,"€ 9,17 /Unit excl. BTW",/Unit,Available soon *,https://www.qsta.nl/static/themes/qsta/img/default_product.png,Fresh
Kjure kip in mosterdsaus met knolselderpuree 520g,https://www.qsta.nl/en_US/p/kjure-kip-in-mosterdsaus-met-knolselderpuree-520g/4145/,"€ 8,80 /Unit excl. BTW",/Unit,Available soon *,https://www.qsta.nl/static/themes/qsta/img/default_product.png,Fresh
"Cookking Visserspotje (tongrol, zalmfilet, kabeljauw en scampi) 2,5 Kg",https://www.qsta.nl/en_US/p/cookking-visserspotje-tongrol-zalmfilet-kabeljauw-en-scampi-25-kg/747/,"€ 43,49 /Unit excl. BTW",/Unit,2 stocks available,https://www.qsta.nl/static/uploads/pictures/large/X0021706.jpg,Chilled Fresh
Cookking Kreeftensoep 950ml,https://www.qsta.nl/en_US/p/cookking-kreeftensoep-950ml/1123/,"€ 0,00 /Unit excl. BTW",/Unit,25 stocks available,https://www.qsta.nl/static/uploads/pictures/large/X0019074.jpg,Chilled Fresh
Cookking Zeebrugse vissoep 950ml,https://www.qsta.nl/en_US/p/cookking-zeebrugse-vissoep-950ml/1125/,"€ 0,00 /Unit excl. BTW",/Unit,Op bestelling leverbaar,https://www.qsta.nl/static/uploads/pictures/large/X0019070.jpg,Chilled Fresh
Lisimo pesto basilicum BIO 450g,https://www.qsta.nl/en_US/p/lisimo-pesto-basilicum-bio-450g/9510/,"€ 12,06 /Unit excl. BTW",/Unit,Op bestelling leverbaar,https://www.qsta.nl/static/uploads/pictures/large/X0018955.jpg,Chilled Fresh
Lisimo spread muhammara 450g,https://www.qsta.nl/en_US/p/lisimo-spread-muhammara-450g/9512/,"€ 8,59 /Unit excl. BTW",/Unit,175 stocks available,https://www.qsta.nl/static/uploads/pictures/large/X0018962.jpg,Chilled Fresh
Lisimo spread artisjok 450g,https://www.qsta.nl/en_US/p/lisimo-spread-artisjok-450g/9513/,"€ 11,16 /Unit excl. BTW",/Unit,53 stocks available,https://www.qsta.nl/static/uploads/pictures/large/X0018961.jpg,Chilled Fresh
Lisimo spread bruschetta 450g,https://www.qsta.nl/en_US/p/lisimo-spread-bruschetta-450g/9525/,"€ 8,40 /Unit excl. BTW",/Unit,117 stocks available,https://www.qsta.nl/static/uploads/pictures/large/X0018963.jpg,Chilled Fresh
"Bieze Deli groente-vissalade basis 2,5kg",https://www.qsta.nl/en_US/p/bieze-deli-groente-vissalade-basis-25kg/3163/,"€ 16,28 /Unit excl. BTW",/Unit,68 stocks available,https://www.qsta.nl/static/uploads/pictures/large/X0017311.jpg,Chilled Fresh
"Bieze Deli hamsalade basis 2,5kg",https://www.qsta.nl/en_US/p/bieze-deli-hamsalade-basis-25kg/3164/,"€ 15,46 /Unit excl. BTW",/Unit,78 stocks available,https://www.qsta.nl/static/themes/qsta/img/default_product.png,Chilled Fresh
"Bieze Deli eisalade basis 2,5kg",https://www.qsta.nl/en_US/p/bieze-deli-eisalade-basis-2-5kg/3168/,"€ 14,66 /Unit excl. BTW",/Unit,184 stocks available,https://www.qsta.nl/static/themes/qsta/img/default_product.png,Chilled Fresh
"Bieze Deli surimisalade 2,5kg",https://www.qsta.nl/en_US/p/bieze-deli-surimisalade-25kg/3170/,"€ 25,63 /Unit excl. BTW",/Unit,28 stocks available,https://www.qsta.nl/static/themes/qsta/img/default_product.png,Chilled Fresh
"Bieze Deli kipsalade basis 2,5kg",https://www.qsta.nl/en_US/p/bieze-deli-kipsalade-basis-25kg/3171/,"€ 18,35 /Unit excl. BTW",/Unit,45 stocks available,https://www.qsta.nl/static/themes/qsta/img/default_product.png,Chilled Fresh
"Bieze Deli macaronisalade basis 2,5kg",https://www.qsta.nl/en_US/p/bieze-deli-macaronisalade-basis-25kg/3172/,"€ 12,71 /Unit excl. BTW",/Unit,55 stocks available,https://www.qsta.nl/static/themes/qsta/img/default_product.png,Chilled Fresh
Yugen kombucha gember-citroen 24x320ml,https://www.qsta.nl/en_US/p/yugen-kombucha-gember-citroen-24x320ml/3361/,"€ 63,63 /Unit excl. BTW",/Unit,20 stocks available,https://www.qsta.nl/static/themes/qsta/img/default_product.png,Chilled Fresh
"Bieze Deli carbonarasalade basis 2,5kg",https://www.qsta.nl/en_US/p/bieze-deli-carbonarasalade-basis-25kg/6869/,"€ 17,55 /Unit excl. BTW",/Unit,19 stocks available,https://www.qsta.nl/static/themes/qsta/img/default_product.png,Chilled Fresh
Lisimo pesto rosso 1kg,https://www.qsta.nl/en_US/p/lisimo-pesto-rosso-1kg/9506/,"€ 16,96 /Unit excl. BTW",/Unit,187 stocks available,https://www.qsta.nl/static/themes/qsta/img/default_product.png,Chilled Fresh
Lisimo pesto basilicum vegan 1kg,https://www.qsta.nl/en_US/p/lisimo-pesto-basilicum-vegan-1kg/9516/,"€ 21,14 /Unit excl. BTW",/Unit,91 stocks available,https://www.qsta.nl/static/themes/qsta/img/default_product.png,Chilled Fresh
Lisimo pesto basilicum 1kg,https://www.qsta.nl/en_US/p/lisimo-pesto-basilicum-1kg/9520/,"€ 17,26 /Unit excl. BTW",/Unit,1825 stocks available,https://www.qsta.nl/static/themes/qsta/img/default_product.png,Chilled Fresh
Lisimo aïoli 1kg,https://www.qsta.nl/en_US/p/lisimo-aioli-1kg/9532/,"€ 11,55 /Unit excl. BTW",/Unit,315 stocks available,https://www.qsta.nl/static/themes/qsta/img/default_product.png,Chilled Fresh
Lisimo tapenade zongedroogde tomaat 1kg,https://www.qsta.nl/en_US/p/lisimo-tapenade-zongedroogde-tomaat-1kg/9540/,"€ 15,82 /Unit excl. BTW",/Unit,331 stocks available,https://www.qsta.nl/static/themes/qsta/img/default_product.png,Chilled Fresh
Lisimo tapenade tricolore 1kg,https://www.qsta.nl/en_US/p/lisimo-tapenade-tricolore-1kg/9541/,"€ 13,96 /Unit excl. BTW",/Unit,496 stocks available,https://www.qsta.nl/static/themes/qsta/img/default_product.png,Chilled Fresh
Lisimo tapenade truffel 1kg,https://www.qsta.nl/en_US/p/lisimo-tapenade-truffel-1kg/9542/,"€ 24,51 /Unit excl. BTW",/Unit,211 stocks available,https://www.qsta.nl/static/themes/qsta/img/default_product.png,Chilled Fresh
Lisimo tapenade Mediterraans 1kg,https://www.qsta.nl/en_US/p/lisimo-tapenade-mediterraans-1kg/9544/,"€ 14,79 /Unit excl. BTW",/Unit,105 stocks available,https://www.qsta.nl/static/themes/qsta/img/default_product.png,Chilled Fresh
Lisimo tapenade zwarte olijf 1kg,https://www.qsta.nl/en_US/p/lisimo-tapenade-zwarte-olijf-1kg/9553/,"€ 15,05 /Unit excl. BTW",/Unit,187 stocks available,https://www.qsta.nl/static/themes/qsta/img/default_product.png,Chilled Fresh
Yugen kombucha ananas-chili 24x320ml,https://www.qsta.nl/en_US/p/yugen-kombucha-ananas-chili-24x320ml/3358/,"€ 63,63 /Unit excl. BTW",/Unit,4 stocks available,https://www.qsta.nl/static/uploads/pictures/large/X0012197.jpg,Shelf Stable
Yugen kombucha grapefruit-hop 24x320ml,https://www.qsta.nl/en_US/p/yugen-kombucha-grapefruit-hop-24x320ml/3360/,"€ 63,63 /Unit excl. BTW",/Unit,11 stocks available,https://www.qsta.nl/static/uploads/pictures/large/X0012193.jpg,Shelf Stable
Yugen kombucha appel-munt 24x320ml,https://www.qsta.nl/en_US/p/yugen-kombucha-appel-munt-24x320ml/3363/,"€ 63,63 /Unit excl. BTW",/Unit,9 stocks available,https://www.qsta.nl/static/uploads/pictures/large/X0012188.jpg,Shelf Stable
Yugen kombucha passievrucht-vlierbloesem 24x320ml,https://www.qsta.nl/en_US/p/yugen-kombucha-passievrucht-vlierbloesem-24x320ml/8609/,"€ 63,63 /Unit excl. BTW",/Unit,23 stocks available,https://www.qsta.nl/static/uploads/pictures/large/X0017479.jpg,Shelf Stable
Fanta Orange blik 24x33cl,https://www.qsta.nl/en_US/p/fanta-orange-blik-24x33cl/16190/,"€ 14,29 /Unit excl. BTW",/Unit,28 stocks available,https://www.qsta.nl/static/uploads/pictures/large/X0019720.jpg,Shelf Stable
Spa Reine fles 24x50cl,https://www.qsta.nl/en_US/p/spa-reine-fles-24x50cl/16199/,"€ 11,29 /Unit excl. BTW",/Unit,32 stocks available,https://www.qsta.nl/static/uploads/pictures/large/X0019729.jpg,Shelf Stable
Lipton Icetea Sparkling blik 24x33cl,https://www.qsta.nl/en_US/p/lipton-icetea-sparkling-blik-24x33cl/16207/,"€ 17,39 /Unit excl. BTW",/Unit,40 stocks available,https://www.qsta.nl/static/uploads/pictures/large/X0019646.jpg,Shelf Stable
Soul Water water bruisend 24x330ml,https://www.qsta.nl/en_US/p/soul-water-water-bruisend-24x330ml/21549/,"€ 11,76 /Unit excl. BTW",/Unit,83 stocks available,https://www.qsta.nl/static/themes/qsta/img/default_product.png,Shelf Stable
Soul Water water 24x330ml,https://www.qsta.nl/en_US/p/soul-water-water-24x330ml/21552/,"€ 11,76 /Unit excl. BTW",/Unit,83 stocks available,https://www.qsta.nl/static/themes/qsta/img/default_product.png,Shelf Stable
BISTRO MARINADE ARGENTINA 2.5 LTR,https://www.qsta.nl/en_US/p/bistro-marinade-argentina-2-5-ltr/51/,"€ 32,76 /Unit excl. BTW",/Unit,437 stocks available,https://www.qsta.nl/static/themes/qsta/img/default_product.png,Shelf Stable
BISTRO MARINADE BORDEAUX 5 KG,https://www.qsta.nl/en_US/p/bistro-marinade-bordeaux-5-kg/52/,"€ 71,20 /Unit excl. BTW",/Unit,104 stocks available,https://www.qsta.nl/static/themes/qsta/img/default_product.png,Shelf Stable
BISTRO MARINADE FRESH AND FRUITY 2.5 LTR,https://www.qsta.nl/en_US/p/bistro-marinade-fresh-and-fruity-2-5-ltr/53/,"€ 33,04 /Unit excl. BTW",/Unit,108 stocks available,https://www.qsta.nl/static/themes/qsta/img/default_product.png,Shelf Stable
BISTRO KRUIDENOLIE HONING MOSTERD 2.5 LTR,https://www.qsta.nl/en_US/p/bistro-kruidenolie-honing-mosterd-2-5-ltr/55/,"€ 32,76 /Unit excl. BTW",/Unit,195 stocks available,https://www.qsta.nl/static/themes/qsta/img/default_product.png,Shelf Stable
ZOMER / FANTASIEPANEER 5 KG.,https://www.qsta.nl/en_US/p/zomer-fantasiepaneer-5-kg/61/,"€ 37,36 /Unit excl. BTW",/Unit,174 stocks available,https://www.qsta.nl/static/themes/qsta/img/default_product.png,Shelf Stable
SLAGERS-GEHAKTBALLENMIX 5 KG *NIEUW*,https://www.qsta.nl/en_US/p/slagers-gehaktballenmix-5-kg-nieuw/62/,"€ 44,84 /Unit excl. BTW",/Unit,112 stocks available,https://www.qsta.nl/static/themes/qsta/img/default_product.png,Shelf Stable
VERRASSINGS/GEHAKTMIX 3 KG,https://www.qsta.nl/en_US/p/verrassings-gehaktmix-3-kg/63/,"€ 35,56 /Unit excl. BTW",/Unit,157 stocks available,https://www.qsta.nl/static/themes/qsta/img/default_product.png,Shelf Stable
CHIN.ROASTSTEAKGEKR. 2 KG *NIEUW*,https://www.qsta.nl/en_US/p/chin-roaststeakgekr-2-kg-nieuw/64/,"€ 39,43 /Unit excl. BTW",/Unit,316 stocks available,https://www.qsta.nl/static/themes/qsta/img/default_product.png,Shelf Stable
COTELETTOPANEERMIX 5 KG *NIEUW*,https://www.qsta.nl/en_US/p/cotelettopaneermix-5-kg-nieuw/65/,"€ 33,18 /Unit excl. BTW",/Unit,436 stocks available,https://www.qsta.nl/static/themes/qsta/img/default_product.png,Shelf Stable
ALLERFIJNSTE KRUIDEN 5 GR,https://www.qsta.nl/en_US/p/allerfijnste-kruiden-5-gr/90/,"€ 44,03 /Unit excl. BTW",/Unit,36 stocks available,https://www.qsta.nl/static/themes/qsta/img/default_product.png,Shelf Stable
BASILICUM HEEL 1 KG,https://www.qsta.nl/en_US/p/basilicum-heel-1-kg/91/,"€ 18,86 /Unit excl. BTW",/Unit,508 stocks available,https://www.qsta.nl/static/themes/qsta/img/default_product.png,Shelf Stable
BIESLOOK TIBULAIR 300 GR,https://www.qsta.nl/en_US/p/bieslook-tibulair-300-gr/92/,"€ 17,40 /Unit excl. BTW",/Unit,473 stocks available,https://www.qsta.nl/static/themes/qsta/img/default_product.png,Shelf Stable
FIVE SPICES MARINADE EPOS 2.5 LTR,https://www.qsta.nl/en_US/p/five-spices-marinade-epos-2-5-ltr/93/,"€ 29,33 /Unit excl. BTW",/Unit,26 stocks available,https://www.qsta.nl/static/themes/qsta/img/default_product.png,Shelf Stable
BISTRO KRUIDENOLIE BOMBAY 2.5 LTR,https://www.qsta.nl/en_US/p/bistro-kruidenolie-bombay-2-5-ltr/102/,"€ 32,76 /Unit excl. BTW",/Unit,352 stocks available,https://www.qsta.nl/static/themes/qsta/img/default_product.png,Shelf Stable
Hilcona tortelli roomkaas 2x2kg,https://www.qsta.nl/en_US/p/hilcona-tortelli-roomkaas-2x2kg/5380/,"€ 47,02 /Unit excl. BTW",/Unit,120 stocks available,https://www.qsta.nl/static/uploads/pictures/large/X0021760.jpg,Frozen
Hilcona tortelli tomaat-mozzarella 2x2kg,https://www.qsta.nl/en_US/p/hilcona-tortelli-tomaat-mozzarella-2x2kg/6375/,"€ 47,02 /Unit excl. BTW",/Unit,67 stocks available,https://www.qsta.nl/static/uploads/pictures/large/X0021759.jpg,Frozen
Hilcona agnolotti tartufo 2x2kg,https://www.qsta.nl/en_US/p/hilcona-agnolotti-tartufo-2x2kg/8578/,"€ 47,02 /Unit excl. BTW",/Unit,75 stocks available,https://www.qsta.nl/static/uploads/pictures/large/X0021767.jpg,Frozen
Hilcona tortelloni ricotta-spinazie 2x2kg,https://www.qsta.nl/en_US/p/hilcona-tortelloni-ricotta-spinazie-2x2kg/5381/,"€ 35,16 /Unit excl. BTW",/Unit,433 stocks available,https://www.qsta.nl/static/uploads/pictures/large/X0021761.jpg,Frozen
Hilcona tortelloni tricolore kaas 2x2kg,https://www.qsta.nl/en_US/p/hilcona-tortelloni-tricolore-kaas-2x2kg/5382/,"€ 38,49 /Unit excl. BTW",/Unit,105 stocks available,https://www.qsta.nl/static/uploads/pictures/large/X0021765.jpg,Frozen
"Hilcona gnocchi naturel 2x2,5kg",https://www.qsta.nl/en_US/p/hilcona-gnocchi-naturel-2x25kg/5383/,"€ 30,30 /Unit excl. BTW",/Unit,370 stocks available,https://www.qsta.nl/static/uploads/pictures/large/X0021763.jpg,Frozen
"Hilcona eierspätzle 2x2,5kg",https://www.qsta.nl/en_US/p/hilcona-eierspatzle-2x25kg/6378/,"€ 23,61 /Unit excl. BTW",/Unit,182 stocks available,https://www.qsta.nl/static/uploads/pictures/large/X0021766.jpg,Frozen
Hilcona tortelloni rundvlees 2x2kg,https://www.qsta.nl/en_US/p/hilcona-tortelloni-rundvlees-2x2kg/6386/,"€ 37,23 /Unit excl. BTW",/Unit,52 stocks available,https://www.qsta.nl/static/uploads/pictures/large/X0021762.jpg,Frozen
Hilcona ravioli spinazie 2x2kg,https://www.qsta.nl/en_US/p/hilcona-ravioli-spinazie-2x2kg/6393/,"€ 32,26 /Unit excl. BTW",/Unit,167 stocks available,https://www.qsta.nl/static/themes/qsta/img/default_product.png,Frozen
Smuldier hondenvoer vlees compleet 12x400g,https://www.qsta.nl/en_US/p/smuldier-hondenvoer-vlees-compleet-12x400g/8527/,"€ 18,74 /Unit excl. BTW",/Unit,31 stocks available,https://www.qsta.nl/static/themes/qsta/img/default_product.png,Frozen
Smuldier hondenvoer pens & vlees compleet 12x400g,https://www.qsta.nl/en_US/p/smuldier-hondenvoer-pens-vlees-compleet-12x400g/8528/,"€ 18,74 /Unit excl. BTW",/Unit,58 stocks available,https://www.qsta.nl/static/themes/qsta/img/default_product.png,Frozen
Smuldier hondenvoer hart compleet 12x400g,https://www.qsta.nl/en_US/p/smuldier-hondenvoer-hart-compleet-12x400g/9667/,"€ 18,74 /Unit excl. BTW",/Unit,18 stocks available,https://www.qsta.nl/static/themes/qsta/img/default_product.png,Frozen
Smuldier hondenvoer kip compleet 12x400g,https://www.qsta.nl/en_US/p/smuldier-hondenvoer-kip-compleet-12x400g/9669/,"€ 18,74 /Unit excl. BTW",/Unit,21 stocks available,https://www.qsta.nl/static/themes/qsta/img/default_product.png,Frozen
Smuldier hondenvoer lam compleet 12x400g,https://www.qsta.nl/en_US/p/smuldier-hondenvoer-lam-compleet-12x400g/20981/,"€ 18,74 /Unit excl. BTW",/Unit,29 stocks available,https://www.qsta.nl/static/themes/qsta/img/default_product.png,Frozen
Smuldier hondenvoer eend compleet 12x400g,https://www.qsta.nl/en_US/p/smuldier-hondenvoer-eend-compleet-12x400g/20982/,"€ 18,74 /Unit excl. BTW",/Unit,41 stocks available,https://www.qsta.nl/static/themes/qsta/img/default_product.png,Frozen
DEEG pizzabodem zuurdesem 30cm 20x250g,https://www.qsta.nl/en_US/p/deeg-pizzabodem-zuurdesem-30cm-20x250g/4093/,"€ 39,00 /Unit excl. BTW",/Unit,34 stocks available,https://www.qsta.nl/static/themes/qsta/img/default_product.png,Frozen
WOW fruitsmoothie ananas-aardbei 33x150g,https://www.qsta.nl/en_US/p/wow-fruitsmoothie-ananas-aardbei-33x150g/4675/,"€ 34,90 /Unit excl. BTW",/Unit,25 stocks available,https://www.qsta.nl/static/themes/qsta/img/default_product.png,Frozen
WOW fruitsmoothie perzik-aardbei 33x150g,https://www.qsta.nl/en_US/p/wow-fruitsmoothie-perzik-aardbei-33x150g/4676/,"€ 34,90 /Unit excl. BTW",/Unit,25 stocks available,https://www.qsta.nl/static/themes/qsta/img/default_product.png,Frozen
WOW fruitsmoothie mango-aardbei 33x150g,https://www.qsta.nl/en_US/p/wow-fruitsmoothie-mango-aardbei-33x150g/4682/,"€ 34,90 /Unit excl. BTW",/Unit,25 stocks available,https://www.qsta.nl/static/themes/qsta/img/default_product.png,Frozen
WOW fruitsmoothie aardbei-framboos-braam 33x150g,https://www.qsta.nl/en_US/p/wow-fruitsmoothie-aardbei-framboos-braam-33x150g/4683/,"€ 38,90 /Unit excl. BTW",/Unit,25 stocks available,https://www.qsta.nl/static/themes/qsta/img/default_product.png,Frozen
WOW fruitsmoothie mango-meloen-ananas-kiwi 33x150g,https://www.qsta.nl/en_US/p/wow-fruitsmoothie-mango-meloen-ananas-kiwi-33x150g/4684/,"€ 35,90 /Unit excl. BTW",/Unit,25 stocks available,https://www.qsta.nl/static/themes/qsta/img/default_product.png,Frozen
WOW fruitsmoothie papaja-mango-ananas 33x150g,https://www.qsta.nl/en_US/p/wow-fruitsmoothie-papaja-mango-ananas-33x150g/4685/,"€ 35,90 /Unit excl. BTW",/Unit,25 stocks available,https://www.qsta.nl/static/themes/qsta/img/default_product.png,Frozen
WOW fruitsmoothie mango-meloen-aardbei 33x150g,https://www.qsta.nl/en_US/p/wow-fruitsmoothie-mango-meloen-aardbei-33x150g/4687/,"€ 34,90 /Unit excl. BTW",/Unit,25 stocks available,https://www.qsta.nl/static/themes/qsta/img/default_product.png,Frozen
WOW fruitsmoothie aardbei-banaan 33x150g,https://www.qsta.nl/en_US/p/wow-fruitsmoothie-aardbei-banaan-33x150g/4688/,"€ 34,90 /Unit excl. BTW",/Unit,25 stocks available,https://www.qsta.nl/static/themes/qsta/img/default_product.png,Frozen
Circulware maaltijdbakken herbruikbaar 4x8st,https://www.qsta.nl/en_US/p/circulware-maaltijdbakken-herbruikbaar-4x8st/15088/,"€ 173,86 /Unit excl. BTW",/Unit,62 stocks available,https://www.qsta.nl/static/uploads/pictures/large/X0019428.jpg,Non-Food
Circulware maaltijdbakken herbruikbaar 6x8st,https://www.qsta.nl/en_US/p/circulware-maaltijdbakken-herbruikbaar-6x8st/15096/,"€ 152,20 /Unit excl. BTW",/Unit,82 stocks available,https://www.qsta.nl/static/uploads/pictures/large/X0019425.jpg,Non-Food
Circulware maaltijdbakken herbruikbaar 4x12st,https://www.qsta.nl/en_US/p/circulware-maaltijdbakken-herbruikbaar-4x12st/15103/,"€ 130,43 /Unit excl. BTW",/Unit,59 stocks available,https://www.qsta.nl/static/uploads/pictures/large/X0019427.jpg,Non-Food
Circulware hamburgerboxen herbruikbaar 8x8st,https://www.qsta.nl/en_US/p/circulware-hamburgerboxen-herbruikbaar-8x8st/15097/,"€ 154,67 /Unit excl. BTW",/Unit,66 stocks available,https://www.qsta.nl/static/uploads/pictures/large/X0019418.jpg,Non-Food
CMT bouffant cap pp nw 100st/zak 1000st/ds,https://www.qsta.nl/en_US/p/cmt-bouffant-cap-wit-m-50cm-1000st/1679/,"€ 35,00 /Unit excl. BTW",/Unit,263 stocks available,https://www.qsta.nl/static/uploads/pictures/large/X0012941.jpg,Non-Food
CMT clip cap pp 100st/zak 1000st/ds,https://www.qsta.nl/en_US/p/cmt-clip-cap-blauw-m-50cm-1000st/1682/,"€ 24,50 /Unit excl. BTW",/Unit,794 stocks available,https://www.qsta.nl/static/uploads/pictures/large/X0012946.jpg,Non-Food
CMT latex handschoen p-vrij 100st/disp 1000st/ds,https://www.qsta.nl/en_US/p/cmt-latex-handschoen-wi-xl-1000st/1683/,"€ 62,00 /Unit excl. BTW",/Unit,450 stocks available,https://www.qsta.nl/static/uploads/pictures/large/X0012943.jpg,Non-Food
CMT s/nitril handschoen p-vrij 100st/disp 1000st/ds,https://www.qsta.nl/en_US/p/cmt-s-nitril-handschoen-zwart-s-1000st/1685/,"€ 55,00 /Unit excl. BTW",/Unit,555 stocks available,https://www.qsta.nl/static/uploads/pictures/large/X0012948.jpg,Non-Food
CMT mondmasker groen 1000st,https://www.qsta.nl/en_US/p/cmt-mondmasker-groen-1000st/1710/,"€ 42,50 /Unit excl. BTW",/Unit,2730 stocks available,https://www.qsta.nl/static/themes/qsta/img/default_product.png,Non-Food
CMT mondmasker wit 1000st,https://www.qsta.nl/en_US/p/cmt-mondmasker-wit-1000st/1712/,"€ 42,50 /Unit excl. BTW",/Unit,587 stocks available,https://www.qsta.nl/static/themes/qsta/img/default_product.png,Non-Food
CMT bouffant cap micromaas wit L 57cm 200st,https://www.qsta.nl/en_US/p/cmt-bouffant-cap-micromaas-wit-l-57cm-200st/1714/,"€ 58,15 /Unit excl. BTW",/Unit,17 stocks available,https://www.qsta.nl/static/themes/qsta/img/default_product.png,Non-Food
CMT baardmasker rood 1000st,https://www.qsta.nl/en_US/p/cmt-baardmasker-rood-1000st/1715/,"€ 42,50 /Unit excl. BTW",/Unit,24 stocks available,https://www.qsta.nl/static/themes/qsta/img/default_product.png,Non-Food
CMT baardmasker blauw 1000st,https://www.qsta.nl/en_US/p/cmt-baardmasker-blauw-1000st/1716/,"€ 42,50 /Unit excl. BTW",/Unit,593 stocks available,https://www.qsta.nl/static/themes/qsta/img/default_product.png,Non-Food
CMT baardmasker wit 1000st,https://www.qsta.nl/en_US/p/cmt-baardmasker-wit-1000st/1719/,"€ 42,50 /Unit excl. BTW",/Unit,234 stocks available,https://www.qsta.nl/static/themes/qsta/img/default_product.png,Non-Food
CMT baardmasker wit 1000st,https://www.qsta.nl/en_US/p/cmt-baardmasker-wit-1000st/1722/,"€ 42,50 /Unit excl. BTW",/Unit,267 stocks available,https://www.qsta.nl/static/themes/qsta/img/default_product.png,Non-Food
CMT baardmasker blauw 1000st,https://www.qsta.nl/en_US/p/cmt-baardmasker-blauw-1000st/1723/,"€ 42,50 /Unit excl. BTW",/Unit,187 stocks available,https://www.qsta.nl/static/themes/qsta/img/default_product.png,Non-Food
CMT detectiepleisters blauw 19x72mm 100st,https://www.qsta.nl/en_US/p/cmt-detectiepleisters-blauw-19x72mm-100st/1725/,"€ 5,25 /Unit excl. BTW",/Unit,10 stocks available,https://www.qsta.nl/static/themes/qsta/img/default_product.png,Non-Food
"CMT wandhouder transparant schorten 51,5x15cm 1st",https://www.qsta.nl/en_US/p/cmt-wandhouder-transparant-schorten-515x15cm-1st/1726/,"€ 117,91 /Unit excl. BTW",/Unit,28 stocks available,https://www.qsta.nl/static/themes/qsta/img/default_product.png,Non-Food
"CMT wandhouder transparant laag 24,5x13,5x8,5cm 1st",https://www.qsta.nl/en_US/p/cmt-wandhouder-transparant-laag-245x135x85cm-1st/1730/,"€ 21,54 /Unit excl. BTW",/Unit,114 stocks available,https://www.qsta.nl/static/themes/qsta/img/default_product.png,Non-Food
CMT desinfectiemiddel vloeibaar 500ml 12st,https://www.qsta.nl/en_US/p/cmt-desinfectiemiddel-vloeibaar-500ml-12st/1739/,"€ 120,75 /Unit excl. BTW",/Unit,6 stocks available,https://www.qsta.nl/static/themes/qsta/img/default_product.png,Non-Food
CMT mouwovertrek wit 20x40cm 2000st,https://www.qsta.nl/en_US/p/cmt-mouwovertrek-wit-20x40cm-2000st/1741/,"€ 69,30 /Unit excl. BTW",/Unit,30 stocks available,https://www.qsta.nl/static/themes/qsta/img/default_product.png,Non-Food
CMT schort wit 90x140cm 1st,https://www.qsta.nl/en_US/p/cmt-schort-wit-90x140cm-1st/1743/,"€ 22,78 /Unit excl. BTW",/Unit,42 stocks available,https://www.qsta.nl/static/themes/qsta/img/default_product.png,Non-Food
CMT schort wit 90x130cm 1st,https://www.qsta.nl/en_US/p/cmt-schort-wit-90x130cm-1st/1745/,"€ 21,15 /Unit excl. BTW",/Unit,43 stocks available,https://www.qsta.nl/static/themes/qsta/img/default_product.png,Non-Food
CMT wandhouder dispdsjes transparant 39x26x10cm 1st,https://www.qsta.nl/en_US/p/cmt-wandhouder-dispdsjes-transparant-39x26x10cm-1st/1752/,"€ 52,00 /Unit excl. BTW",/Unit,138 stocks available,https://www.qsta.nl/static/themes/qsta/img/default_product.png,Non-Food
Yugen kombucha gember-citroen 24x325ml,https://www.qsta.nl/en_US/p/yugen-kombucha-gember-citroen-24x325ml/3359/?c=768,"€ 68,04 /Unit excl. BTW",/Unit,22 stocks available,https://www.qsta.nl/static/themes/qsta/img/default_product.png,Lifestyle
Lisimo pesto basilicum BIO 450g,https://www.qsta.nl/en_US/p/lisimo-pesto-basilicum-bio-450g/9510/?c=768,"€ 12,06 /Unit excl. BTW",/Unit,Op bestelling leverbaar,https://www.qsta.nl/static/themes/qsta/img/default_product.png,Lifestyle
Klilah harissa Tunesische stijl pikant 12x250g,https://www.qsta.nl/en_US/p/klilah-harissa-tunesische-stijl-pikant-12x250g/6236/?c=768,"€ 30,85 /Unit excl. BTW",/Unit,4 stocks available,https://www.qsta.nl/static/themes/qsta/img/default_product.png,Lifestyle
Boerderijs roomijs chocolade puur royaal 24x120ml,https://www.qsta.nl/en_US/p/boerderijs-roomijs-chocolade-puur-royaal-24x120ml/8155/?c=768,"€ 50,03 /Unit excl. BTW",/Unit,54 stocks available,https://www.qsta.nl/static/themes/qsta/img/default_product.png,Lifestyle
Dutch Spices vegetable bouillon mix 2kg,https://www.qsta.nl/en_US/p/dutch-spices-vegetable-bouillon-mix-2kg/192/?c=768,"€ 45,42 /Unit excl. BTW",/Unit,47 stocks available,https://www.qsta.nl/static/themes/qsta/img/default_product.png,Lifestyle
